ticket_id,text,intent,kb_article_id,channel,priority,country,product,created_at,amount,order_id,email,event_date,secondary_intent
TKT-00001,"I do not recognize this merchant charge Amount ₹1,299.",billing,KB-BILL-02,app,low,US,mobile_app,2026-01-08,"₹1,299",,,,
TKT-00002,"please help, my card was charged twice for the same purchase please Amount ₹1,299.",billing,KB-BILL-01,email,low,GB,mobile_app,2026-07-14,"₹1,299",,,,
TKT-00003,"Hi, I see a duplicate transaction on my card!!! Amount ₹4,299. Date 18/09/2026. Also, data synchronization is not working.",billing,KB-BILL-01,email,medium,US,mobile_app,2026-09-07,"₹4,299",,,18/09/2026,technical
TKT-00004,"why was I charged an extra service fee thanks Amount ₹4,299.",billing,KB-BILL-02,chat,medium,GB,mobile_app,2026-08-07,"₹4,299",,,,
TKT-00005,"I see a duplicate transaction on my card!!! Amount ₹4,299. Date 18/09/2026.",billing,KB-BILL-01,email,medium,IN,credit_card,2026-05-17,"₹4,299",,,18/09/2026,
TKT-00006,"please help, I do not recognize this merchant charge please Amount £25.",billing,KB-BILL-02,chat,low,IN,shopping,2026-04-13,£25,,,,
TKT-00007,"the same merchant payment appears two times please Amount ₹4,299.",billing,KB-BILL-01,app,medium,GB,credit_card,2026-03-05,"₹4,299",,,,
TKT-00008,need help - I do not recognize this merchant charge thanks Amount £25.,billing,KB-BILL-02,chat,medium,IN,mobile_app,2026-08-09,£25,,,,
TKT-00009,"please help, my card was charged twice for the same purchase can you check?",billing,KB-BILL-01,app,high,GB,mobile_app,2026-06-24,,,,,
TKT-00010,I do not recognize this merchant charge can you check?,billing,KB-BILL-02,email,low,US,mobile_app,2026-09-02,,,,,
TKT-00011,"Hi, I do not recognize this merchant charge asap",billing,KB-BILL-02,app,low,SG,credit_card,2026-04-06,,,,,
TKT-00012,need help - I see a duplicate transaction on my card this is frustrating,billing,KB-BILL-01,chat,high,GB,credit_card,2026-01-15,,,,,
TKT-00013,need help - I see a duplicate transaction on my card Amount ₹499.,billing,KB-BILL-01,chat,low,US,credit_card,2026-03-09,₹499,,,,
TKT-00014,need help - the amount on my bill looks incorrect!!!,billing,KB-BILL-02,app,low,GB,account_portal,2026-08-19,,,,,
TKT-00015,"hello team, the amount on my bill looks incorrect Amount ₹499.",billing,KB-BILL-02,chat,low,IN,credit_card,2026-01-18,₹499,,,,
TKT-00016,urgent: my card was charged twice for the same purchase Amount $49.99.,billing,KB-BILL-01,app,medium,SG,account_portal,2026-07-26,$49.99,,,,
TKT-00017,"please help, why was I chagred an extra service fee Amount $49.99.",billing,KB-BILL-02,app,medium,IN,mobile_app,2026-04-14,$49.99,,,,
TKT-00018,"urgent: I do not recognize this merchant charge this is frustrating Amount ₹1,299.",billing,KB-BILL-02,chat,low,SG,mobile_app,2026-04-24,"₹1,299",,,,
TKT-00019,the amount on my bill looks incorrect Amount ₹499.,billing,KB-BILL-02,chat,low,US,account_portal,2026-02-24,₹499,,,,
TKT-00020,why was I charged an extra service fee please,billing,KB-BILL-02,email,low,US,credit_card,2026-02-18,,,,,
TKT-00021,"please help, the same merchant payment appears two times Amount ₹4,299. Date Sep 20, 2026.",billing,KB-BILL-01,app,low,IN,credit_card,2026-01-18,"₹4,299",,,"Sep 20, 2026",
TKT-00022,the amount on my bill looks incorrect can you check? Amount £25.,billing,KB-BILL-02,app,low,GB,shopping,2026-02-22,£25,,,,
TKT-00023,"Hi, I do not recognize this merchant charge asap Amount ₹4,299.",billing,KB-BILL-02,chat,low,IN,mobile_app,2026-05-18,"₹4,299",,,,
TKT-00024,need help - I see a duplicate transaction on my card asap Amount ₹499.,billing,KB-BILL-01,chat,low,GB,mobile_app,2026-06-20,₹499,,,,
TKT-00025,urgent: the amount on my bill looks incorrect can you check?,billing,KB-BILL-02,app,medium,GB,shopping,2026-06-04,,,,,
TKT-00026,"Hi, I see a duplicate transaction on my card asap Amount ₹4,299.",billing,KB-BILL-01,chat,low,US,shopping,2026-01-12,"₹4,299",,,,
TKT-00027,urgent: my card was charged twice for the same purchase this is frustrating Date 18/09/2026.,billing,KB-BILL-01,email,medium,IN,mobile_app,2026-08-30,,,,18/09/2026,
TKT-00028,"please help, I do not recognize this merchant charge thanks Amount £25. Date 12 Sep 2026. Also, the mobile app crashes whenever I open it.",billing,KB-BILL-02,email,low,SG,mobile_app,2026-04-01,£25,,,12 Sep 2026,technical
TKT-00029,"hello team, the amount on my bill looks incorrect thanks",billing,KB-BILL-02,chat,high,IN,credit_card,2026-07-08,,,,,
TKT-00030,"hello team, the same merchant payment appears two times this is frustrating",billing,KB-BILL-01,app,low,IN,account_portal,2026-02-26,,,,,
TKT-00031,"hello team, I see a duplicate transaction on my card asap Also, the OTP code never arrives.",billing,KB-BILL-01,email,low,IN,shopping,2026-03-31,,,,,access
TKT-00032,"need help - I do not recognize this merchant charge!!! Also, the screen freezes after the latest update.",billing,KB-BILL-02,app,high,GB,mobile_app,2026-01-28,,,,,technical
TKT-00033,"hello team, the amount on my bill looks incorrect asap Amount £25.",billing,KB-BILL-02,app,low,IN,account_portal,2026-01-01,£25,,,,
TKT-00034,need help - the amount on my bill looks incorrect can you check?,billing,KB-BILL-02,chat,high,GB,shopping,2026-06-19,,,,,
TKT-00035,"Hi, my card was charged twice for the same purchase asap",billing,KB-BILL-01,app,low,US,account_portal,2026-06-23,,,,,
TKT-00036,"please help, I do not recognize this merchant charge thanks Amount ₹499.",billing,KB-BILL-02,app,medium,GB,account_portal,2026-04-24,₹499,,,,
TKT-00037,"Hi, why was I charged an extra service fee please",billing,KB-BILL-02,app,low,GB,mobile_app,2026-07-29,,,,,
TKT-00038,"Hi, I see a duplicate transaction on my card asap Amount ₹499. Date 18/09/2026.",billing,KB-BILL-01,chat,medium,SG,account_portal,2026-05-07,₹499,,,18/09/2026,
TKT-00039,"please help, why was I charged an extra service fee please Amount ₹499.",billing,KB-BILL-02,app,medium,IN,credit_card,2026-08-23,₹499,,,,
TKT-00040,"hello team, my card was charged twice for the same purchase please",billing,KB-BILL-01,email,medium,US,account_portal,2026-08-18,,,,,
TKT-00041,"Hi, I see a duplicate transaction on my card this is frustrating Amount ₹1,299.",billing,KB-BILL-01,app,medium,SG,shopping,2026-04-23,"₹1,299",,,,
TKT-00042,"Hi, my card was charged twice for the same purchase asap Amount £25. Date 12 Sep 2026.",billing,KB-BILL-01,app,low,SG,mobile_app,2026-04-17,£25,,,12 Sep 2026,
TKT-00043,urgent: why was I charged an extra service fee thanks Amount $49.99.,billing,KB-BILL-02,app,low,US,account_portal,2026-01-02,$49.99,,,,
TKT-00044,urgent: the same merchant payment appears two times this is frustrating,billing,KB-BILL-01,app,medium,SG,account_portal,2026-02-26,,,,,
TKT-00045,"hello team, the same merchant paymnt appears two times!!!",billing,KB-BILL-01,email,high,IN,account_portal,2026-06-01,,,,,
TKT-00046,"Hi, the amount on my bill looks incorrect Amount $49.99. Date 18/09/2026.",billing,KB-BILL-02,chat,medium,GB,account_portal,2026-03-13,$49.99,,,18/09/2026,
TKT-00047,urgent: why was I chagred an extra service fee this is frustrating Date 18/09/2026.,billing,KB-BILL-02,chat,medium,IN,mobile_app,2026-09-01,,,,18/09/2026,
TKT-00048,"please help, I see a duplicate transaction on my card this is frustrating Amount ₹1,299.",billing,KB-BILL-01,chat,medium,GB,shopping,2026-02-12,"₹1,299",,,,
TKT-00049,need help - the amount on my bill looks incorrect can you check? Date 18/09/2026.,billing,KB-BILL-02,chat,high,US,account_portal,2026-08-30,,,,18/09/2026,
TKT-00050,"please help, I do not recognize this merchant charge",billing,KB-BILL-02,email,high,IN,mobile_app,2026-03-30,,,,,
TKT-00051,"hello team, the amount on my bill looks incorrect can you check? Amount ₹4,299. Date 18/09/2026.",billing,KB-BILL-02,chat,low,GB,account_portal,2026-07-01,"₹4,299",,,18/09/2026,
TKT-00052,"hello team, I see a duplicate transaction on my card please",billing,KB-BILL-01,app,medium,US,account_portal,2026-07-31,,,,,
TKT-00053,need help - I do not recognize this merchant charge asap Amount ₹499.,billing,KB-BILL-02,email,medium,US,shopping,2026-01-08,₹499,,,,
TKT-00054,"urgent: why was I charged an extra service fee please Amount ₹4,299.",billing,KB-BILL-02,app,high,IN,credit_card,2026-01-22,"₹4,299",,,,
TKT-00055,"Hi, I see a duplicate transaction on my card!!!",billing,KB-BILL-01,email,low,IN,mobile_app,2026-03-17,,,,,
TKT-00056,"hello team, I see a duplicate transaction on my card can you check?",billing,KB-BILL-01,email,low,GB,shopping,2026-06-29,,,,,
TKT-00057,"urgent: why was I charged an extra service fee asap Amount ₹1,299.",billing,KB-BILL-02,app,low,SG,account_portal,2026-03-12,"₹1,299",,,,
TKT-00058,need help - I do not recognize this merchant charge this is frustrating Amount ₹499.,billing,KB-BILL-02,email,low,IN,credit_card,2026-03-12,₹499,,,,
TKT-00059,my card was charged twice for the same purchase thanks,billing,KB-BILL-01,chat,high,GB,account_portal,2026-05-03,,,,,
TKT-00060,urgent: why was I charged an extra service fee please Amount $49.99. Date 12 Sep 2026.,billing,KB-BILL-02,chat,medium,IN,credit_card,2026-02-08,$49.99,,,12 Sep 2026,
TKT-00061,urgent: the amount on my bill looks incorrect Amount $49.99.,billing,KB-BILL-02,chat,medium,US,account_portal,2026-08-21,$49.99,,,,
TKT-00062,urgent: why was I charged an extra service fee this is frustrating Amount £25.,billing,KB-BILL-02,app,low,SG,credit_card,2026-03-09,£25,,,,
TKT-00063,"I do not recognize this merchant charge please Amount ₹1,299. Date 18/09/2026.",billing,KB-BILL-02,email,low,SG,shopping,2026-06-30,"₹1,299",,,18/09/2026,
TKT-00064,"Hi, the same merchant payment appears two times this is frustrating",billing,KB-BILL-01,app,medium,SG,account_portal,2026-01-30,,,,,
TKT-00065,"please help, the amount on my bill looks incorrect can you check? Amount ₹1,299. Date 12 Sep 2026.",billing,KB-BILL-02,app,medium,GB,account_portal,2026-02-01,"₹1,299",,,12 Sep 2026,
TKT-00066,"Hi, why was I charged an extra service fee asap",billing,KB-BILL-02,chat,medium,US,shopping,2026-06-04,,,,,
TKT-00067,the same merchant payment appears two times,billing,KB-BILL-01,chat,high,GB,mobile_app,2026-07-15,,,,,
TKT-00068,"hello team, I see a duplicate transaction on my card thanks Date Sep 20, 2026.",billing,KB-BILL-01,email,high,US,shopping,2026-04-15,,,,"Sep 20, 2026",
TKT-00069,urgent: the same merchant paymnt appears two times can you check? Amount $49.99.,billing,KB-BILL-01,app,low,IN,shopping,2026-03-06,$49.99,,,,
TKT-00070,the same merchant payment appears two times this is frustrating Amount ₹499.,billing,KB-BILL-01,email,low,GB,account_portal,2026-06-10,₹499,,,,
TKT-00071,"why was I charged an extra service fee please Amount ₹4,299.",billing,KB-BILL-02,chat,low,SG,credit_card,2026-03-21,"₹4,299",,,,
TKT-00072,the amount on my bill looks incorrect thanks Amount ₹499.,billing,KB-BILL-02,chat,medium,GB,shopping,2026-04-17,₹499,,,,
TKT-00073,"hello team, why was I charged an extra service fee please Amount ₹1,299.",billing,KB-BILL-02,chat,high,GB,account_portal,2026-03-29,"₹1,299",,,,
TKT-00074,urgent: the amount on my bill looks incorrect this is frustrating,billing,KB-BILL-02,app,medium,SG,account_portal,2026-05-18,,,,,
TKT-00075,urgent: why was I charged an extra service fee asap Amount $49.99.,billing,KB-BILL-02,app,low,US,credit_card,2026-08-08,$49.99,,,,
TKT-00076,why was I charged an extra service fee asap,billing,KB-BILL-02,app,medium,SG,account_portal,2026-09-04,,,,,
TKT-00077,"please help, my card was charged twice for the same purchase thanks Amount ₹499.",billing,KB-BILL-01,app,high,IN,credit_card,2026-04-15,₹499,,,,
TKT-00078,"please help, I do not recognize this merchant charge",billing,KB-BILL-02,app,low,GB,account_portal,2026-09-02,,,,,
TKT-00079,"Hi, the same merchant payment appears two times can you check? Amount £25. Date 12 Sep 2026.",billing,KB-BILL-01,app,high,SG,mobile_app,2026-04-22,£25,,,12 Sep 2026,
TKT-00080,"Hi, my card was charged twice for the same purchase can you check? Amount ₹4,299. Also, when will the refund appear on my statement.",billing,KB-BILL-01,email,low,SG,credit_card,2026-05-16,"₹4,299",,,,refund
TKT-00081,need help - why was I charged an extra service fee can you check? Amount ₹499.,billing,KB-BILL-02,app,low,SG,credit_card,2026-04-29,₹499,,,,
TKT-00082,urgent: I do not recognize this merchant charge!!! Amount $49.99.,billing,KB-BILL-02,chat,low,GB,shopping,2026-06-13,$49.99,,,,
TKT-00083,"Hi, why was I charged an extra service fee asap Amount $49.99.",billing,KB-BILL-02,email,medium,GB,shopping,2026-01-06,$49.99,,,,
TKT-00084,"hello team, I do not recognize this merchant charge asap",billing,KB-BILL-02,app,medium,GB,credit_card,2026-06-05,,,,,
TKT-00085,"please help, the same merchant payment appears two times can you check? Amount ₹1,299.",billing,KB-BILL-01,app,low,US,mobile_app,2026-05-29,"₹1,299",,,,
TKT-00086,"Hi, the same merchant paymnt appears two times please Amount $49.99. Date 12 Sep 2026.",billing,KB-BILL-01,email,medium,GB,credit_card,2026-03-07,$49.99,,,12 Sep 2026,
TKT-00087,"urgent: why was I charged an extra service fee can you check? Also, two factor authentication stopped working.",billing,KB-BILL-02,app,medium,US,shopping,2026-01-24,,,,,access
TKT-00088,"why was I charged an extra service fee asap Amount ₹4,299.",billing,KB-BILL-02,email,low,SG,account_portal,2026-01-07,"₹4,299",,,,
TKT-00089,need help - the amount on my bill looks incorrect asap Amount ₹499.,billing,KB-BILL-02,app,low,US,mobile_app,2026-02-05,₹499,,,,
TKT-00090,"my card was charged twice for the same purchase asap Amount ₹1,299.",billing,KB-BILL-01,email,low,US,credit_card,2026-08-15,"₹1,299",,,,
TKT-00091,"Hi, the refund amount is lower than expected Amount ₹4,299. Date 18/09/2026.",refund,KB-REF-02,email,high,GB,mobile_app,2026-06-25,"₹4,299",,,18/09/2026,
TKT-00092,"need help - when will the refund appear on my statement can you check? Amount ₹1,299.",refund,KB-REF-01,email,low,SG,mobile_app,2026-01-13,"₹1,299",,,,
TKT-00093,"please help, when will the refund appear on my statement please Amount £25.",refund,KB-REF-01,chat,low,SG,mobile_app,2026-03-12,£25,,,,
TKT-00094,"please help, the merchant says refunded but I cannot see it thanks Amount ₹499. Date 18/09/2026.",refund,KB-REF-01,chat,medium,IN,credit_card,2026-03-09,₹499,,,18/09/2026,
TKT-00095,"please help, my refund is still missing can you check? Amount ₹499.",refund,KB-REF-01,app,medium,US,credit_card,2026-08-31,₹499,,,,
TKT-00096,I received only part of my refund can you check?,refund,KB-REF-02,chat,low,US,account_portal,2026-04-20,,,,,
TKT-00097,the refunded amount does not match the purchase!!! Amount ₹499.,refund,KB-REF-02,chat,low,GB,account_portal,2026-06-02,₹499,,,,
TKT-00098,urgent: I received only part of my refund!!! Amount ₹499.,refund,KB-REF-02,app,medium,SG,account_portal,2026-04-26,₹499,,,,
TKT-00099,"hello team, the merchant says refunded but I cannot see it asap Amount ₹499.",refund,KB-REF-01,email,low,SG,account_portal,2026-01-18,₹499,,,,
TKT-00100,my refund is still missing,refund,KB-REF-01,chat,medium,GB,mobile_app,2026-04-16,,,,,
TKT-00101,"Hi, when will the refund appear on my statement this is frustrating Date 18/09/2026.",refund,KB-REF-01,email,low,SG,credit_card,2026-06-18,,,,18/09/2026,
TKT-00102,"please help, the refnd amount is lower than expected this is frustrating Amount ₹4,299.",refund,KB-REF-02,app,high,IN,shopping,2026-01-08,"₹4,299",,,,
TKT-00103,urgent: the merchant says refunded but I cannot see it can you check?,refund,KB-REF-01,chat,medium,US,mobile_app,2026-02-06,,,,,
TKT-00104,"Hi, the refnded amount does not match the purchase Amount $49.99.",refund,KB-REF-02,app,low,IN,mobile_app,2026-02-09,$49.99,,,,
TKT-00105,need help - the merchant says refunded but I cannot see it Amount $49.99.,refund,KB-REF-01,email,low,IN,shopping,2026-04-21,$49.99,,,,
TKT-00106,"urgent: my refund is still missing can you check? Amount ₹4,299. Date 18/09/2026.",refund,KB-REF-01,chat,low,GB,credit_card,2026-07-16,"₹4,299",,,18/09/2026,
TKT-00107,urgent: the merchant says refunded but I cannot see it asap Amount $49.99. Date 18/09/2026.,refund,KB-REF-01,chat,medium,GB,mobile_app,2026-04-12,$49.99,,,18/09/2026,
TKT-00108,the refnded amount does not match the purchase!!!,refund,KB-REF-02,app,medium,GB,mobile_app,2026-04-14,,,,,
TKT-00109,"urgent: my refund is still missing please Amount ₹4,299. Date 12 Sep 2026.",refund,KB-REF-01,app,low,IN,account_portal,2026-08-11,"₹4,299",,,12 Sep 2026,
TKT-00110,"Hi, when will the refund appear on my statement asap Date Sep 20, 2026.",refund,KB-REF-01,app,low,GB,shopping,2026-07-06,,,,"Sep 20, 2026",
TKT-00111,"please help, the refnded amount does not match the purchase please Amount £25. Date Sep 20, 2026. Also, I want to close my account permanently.",refund,KB-REF-02,app,medium,US,shopping,2026-08-10,£25,,,"Sep 20, 2026",account
TKT-00112,"urgent: the refunded amount does not match the purchase please Amount ₹4,299.",refund,KB-REF-02,email,medium,GB,account_portal,2026-04-26,"₹4,299",,,,
TKT-00113,my refund is still missing asap Amount ₹499.,refund,KB-REF-01,email,medium,IN,account_portal,2026-08-21,₹499,,,,
TKT-00114,"Hi, I received only part of my refund please Amount ₹1,299.",refund,KB-REF-02,email,high,IN,credit_card,2026-01-11,"₹1,299",,,,
TKT-00115,"Hi, the merchant says refunded but I cannot see it!!! Amount £25. Date 18/09/2026.",refund,KB-REF-01,email,low,GB,mobile_app,2026-07-22,£25,,,18/09/2026,
TKT-00116,"Hi, the refnded amount does not match the purchase asap Amount $49.99.",refund,KB-REF-02,app,high,SG,shopping,2026-01-21,$49.99,,,,
TKT-00117,"Hi, I received only part of my refund please Amount $49.99. Date Sep 20, 2026.",refund,KB-REF-02,email,medium,GB,credit_card,2026-06-21,$49.99,,,"Sep 20, 2026",
TKT-00118,"Hi, the refunded amount does not match the purchase can you check? Amount $49.99. Also, the screen freezes after the latest update.",refund,KB-REF-02,chat,low,US,credit_card,2026-02-27,$49.99,,,,technical
TKT-00119,"please help, the merchant says refunded but I cannot see it",refund,KB-REF-01,app,high,IN,shopping,2026-08-13,,,,,
TKT-00120,"please help, I received only part of my refund thanks Amount £25.",refund,KB-REF-02,email,low,GB,credit_card,2026-09-06,£25,,,,
TKT-00121,need help - the refund amount is lower than expected asap,refund,KB-REF-02,email,high,SG,shopping,2026-06-23,,,,,
TKT-00122,"hello team, I received only part of my refund!!!",refund,KB-REF-02,chat,medium,SG,shopping,2026-01-14,,,,,
TKT-00123,"hello team, the refunded amount does not match the purchase this is frustrating",refund,KB-REF-02,chat,low,SG,shopping,2026-04-26,,,,,
TKT-00124,"please help, I received only part of my refund this is frustrating",refund,KB-REF-02,email,high,US,mobile_app,2026-04-12,,,,,
TKT-00125,"urgent: I received only part of my refund please Amount ₹1,299. Date 12 Sep 2026.",refund,KB-REF-02,app,low,SG,credit_card,2026-01-10,"₹1,299",,,12 Sep 2026,
TKT-00126,"hello team, when will the refund appear on my statement can you check?",refund,KB-REF-01,chat,low,SG,credit_card,2026-05-21,,,,,
TKT-00127,need help - the refunded amount does not match the purchase thanks,refund,KB-REF-02,chat,low,US,mobile_app,2026-01-29,,,,,
TKT-00128,"need help - the refnd amount is lower than expected thanks Also, the screen freezes after the latest update.",refund,KB-REF-02,app,low,IN,shopping,2026-01-18,,,,,technical
TKT-00129,need help - I received only part of my refund thanks Amount ₹499.,refund,KB-REF-02,app,low,GB,shopping,2026-07-11,₹499,,,,
TKT-00130,urgent: my refnd is still missing this is frustrating,refund,KB-REF-01,app,medium,SG,mobile_app,2026-04-01,,,,,
TKT-00131,urgent: I received only part of my refund this is frustrating,refund,KB-REF-02,email,medium,SG,mobile_app,2026-07-03,,,,,
TKT-00132,the refund amount is lower than expected asap,refund,KB-REF-02,email,medium,US,shopping,2026-01-10,,,,,
TKT-00133,"please help, the refunded amount does not match the purchase asap",refund,KB-REF-02,chat,medium,US,account_portal,2026-07-10,,,,,
TKT-00134,"hello team, the refund amount is lower than expected asap Amount $49.99.",refund,KB-REF-02,email,medium,US,mobile_app,2026-04-21,$49.99,,,,
TKT-00135,"please help, I received only part of my refund thanks Amount ₹4,299.",refund,KB-REF-02,app,medium,SG,account_portal,2026-03-31,"₹4,299",,,,
TKT-00136,the refund amount is lower than expected can you check? Amount $49.99.,refund,KB-REF-02,chat,low,US,shopping,2026-05-12,$49.99,,,,
TKT-00137,"Hi, the refunded amount does not match the purchase please Amount £25.",refund,KB-REF-02,chat,low,GB,shopping,2026-04-09,£25,,,,
TKT-00138,"I received only part of my refund thanks Amount ₹4,299.",refund,KB-REF-02,app,low,GB,account_portal,2026-03-22,"₹4,299",,,,
TKT-00139,"urgent: the refunded amount does not match the purchase please Amount ₹1,299.",refund,KB-REF-02,app,low,GB,account_portal,2026-02-24,"₹1,299",,,,
TKT-00140,urgent: I received only part of my refund can you check? Amount ₹499. Date 12 Sep 2026.,refund,KB-REF-02,app,low,IN,shopping,2026-06-20,₹499,,,12 Sep 2026,
TKT-00141,"Hi, when will the refund appear on my statement Amount ₹4,299.",refund,KB-REF-01,app,medium,GB,credit_card,2026-02-01,"₹4,299",,,,
TKT-00142,"please help, the merchant says refunded but I cannot see it please Amount £25.",refund,KB-REF-01,app,low,IN,mobile_app,2026-03-21,£25,,,,
TKT-00143,"Hi, the refund amount is lower than expected can you check? Amount $49.99. Also, the dashboard keeps timing out.",refund,KB-REF-02,chat,low,GB,credit_card,2026-08-13,$49.99,,,,technical
TKT-00144,"Hi, I received only part of my refund thanks",refund,KB-REF-02,chat,medium,SG,shopping,2026-02-12,,,,,
TKT-00145,urgent: the merchant says refunded but I cannot see it can you check?,refund,KB-REF-01,chat,low,GB,credit_card,2026-06-10,,,,,
TKT-00146,"need help - when will the refnd appear on my statement thanks Amount £25. Date Sep 20, 2026.",refund,KB-REF-01,app,low,IN,mobile_app,2026-01-21,£25,,,"Sep 20, 2026",
TKT-00147,"Hi, my refund is still missing this is frustrating",refund,KB-REF-01,app,low,GB,shopping,2026-05-04,,,,,
TKT-00148,"Hi, the merchant says refunded but I cannot see it!!! Amount ₹499. Date 18/09/2026.",refund,KB-REF-01,chat,low,SG,shopping,2026-08-09,₹499,,,18/09/2026,
TKT-00149,urgent: the refunded amount does not match the purchase can you check? Amount $49.99. Date 18/09/2026.,refund,KB-REF-02,chat,low,US,mobile_app,2026-03-10,$49.99,,,18/09/2026,
TKT-00150,"please help, the refnd amount is lower than expected please",refund,KB-REF-02,chat,medium,GB,credit_card,2026-07-15,,,,,
TKT-00151,"hello team, the merchant says refunded but I cannot see it thanks Also, change my communication preferences.",refund,KB-REF-01,email,high,SG,shopping,2026-01-13,,,,,account
TKT-00152,urgent: my refund is still missing!!!,refund,KB-REF-01,chat,medium,US,credit_card,2026-08-14,,,,,
TKT-00153,"Hi, when will the refund appear on my statement asap Amount $49.99. Date Sep 20, 2026.",refund,KB-REF-01,app,low,US,account_portal,2026-07-15,$49.99,,,"Sep 20, 2026",
TKT-00154,urgent: I received only part of my refund this is frustrating Date 12 Sep 2026.,refund,KB-REF-02,email,medium,GB,credit_card,2026-02-20,,,,12 Sep 2026,
TKT-00155,"need help - I received only part of my refund!!! Amount ₹1,299.",refund,KB-REF-02,app,medium,SG,shopping,2026-08-27,"₹1,299",,,,
TKT-00156,"urgent: I received only part of my refund please Amount ₹4,299.",refund,KB-REF-02,app,medium,GB,account_portal,2026-07-28,"₹4,299",,,,
TKT-00157,urgent: my refund is still missing asap,refund,KB-REF-01,app,high,IN,account_portal,2026-03-09,,,,,
TKT-00158,"need help - the refunded amount does not match the purchase thanks Amount $49.99. Date Sep 20, 2026.",refund,KB-REF-02,email,low,SG,mobile_app,2026-05-27,$49.99,,,"Sep 20, 2026",
TKT-00159,the refnded amount does not match the purchase please Amount $49.99.,refund,KB-REF-02,app,high,IN,credit_card,2026-05-13,$49.99,,,,
TKT-00160,need help - the merchant says refunded but I cannot see it asap Amount $49.99.,refund,KB-REF-01,app,low,GB,shopping,2026-06-06,$49.99,,,,
TKT-00161,"please help, the refund amount is lower than expected please Amount ₹4,299.",refund,KB-REF-02,app,medium,GB,account_portal,2026-03-31,"₹4,299",,,,
TKT-00162,"Hi, I received only part of my refund asap Amount £25.",refund,KB-REF-02,email,high,SG,shopping,2026-01-11,£25,,,,
TKT-00163,"Hi, when will the refund appear on my statement Amount ₹4,299.",refund,KB-REF-01,app,low,GB,credit_card,2026-01-28,"₹4,299",,,,
TKT-00164,"Hi, I received only part of my refund thanks Amount £25.",refund,KB-REF-02,chat,low,US,mobile_app,2026-06-24,£25,,,,
TKT-00165,the merchant says refunded but I cannot see it thanks Amount $49.99.,refund,KB-REF-01,email,low,IN,mobile_app,2026-06-16,$49.99,,,,
TKT-00166,"please help, I received only part of my refund thanks Date 12 Sep 2026.",refund,KB-REF-02,chat,high,IN,account_portal,2026-07-21,,,,12 Sep 2026,
TKT-00167,"please help, the refund amount is lower than expected can you check? Also, the item arrived damaged.",refund,KB-REF-02,chat,high,GB,shopping,2026-04-27,,,,,delivery
TKT-00168,need help - the refunded amount does not match the purchase thanks,refund,KB-REF-02,chat,medium,GB,credit_card,2026-07-07,,,,,
TKT-00169,"Hi, the refund amount is lower than expected asap Amount ₹4,299.",refund,KB-REF-02,chat,low,US,account_portal,2026-05-12,"₹4,299",,,,
TKT-00170,"when will the refund appear on my statement!!! Amount ₹1,299.",refund,KB-REF-01,chat,low,SG,account_portal,2026-07-12,"₹1,299",,,,
TKT-00171,urgent: password reset is not letting me access the account asap,access,KB-ACC-01,chat,low,IN,account_portal,2026-03-20,,,,,
TKT-00172,"hello team, my account is locked after too many login attempts can you check?",access,KB-ACC-01,chat,medium,GB,shopping,2026-06-07,,,,,
TKT-00173,"please help, my account is locked after too many login attempts please",access,KB-ACC-01,app,medium,US,credit_card,2026-07-15,,,,,
TKT-00174,"Hi, my account is locked after too many login attempts this is frustrating",access,KB-ACC-01,email,low,IN,mobile_app,2026-08-01,,,,,
TKT-00175,need help - my verification code keeps showing invalid please Email user51@example.com.,access,KB-ACC-02,app,low,US,mobile_app,2026-08-19,,,user51@example.com,,
TKT-00176,"hello team, my verification code keeps showing invalid this is frustrating Email user63@example.com. Also, I want to manage my account settings.",access,KB-ACC-02,email,medium,US,shopping,2026-07-29,,,user63@example.com,,account
TKT-00177,"Hi, I forgot my password and cannot sign in please Email user54@example.com.",access,KB-ACC-01,chat,high,IN,account_portal,2026-01-09,,,user54@example.com,,
TKT-00178,"hello team, password reset is not letting me access the account please",access,KB-ACC-01,email,low,US,account_portal,2026-08-11,,,,,
TKT-00179,"hello team, the OTP code never arrives",access,KB-ACC-02,email,low,US,credit_card,2026-07-06,,,,,
TKT-00180,my acount is locked after too many login attempts this is frustrating,access,KB-ACC-01,email,medium,SG,account_portal,2026-03-30,,,,,
TKT-00181,"urgent: my account is locked after too many login attempts please Date Sep 20, 2026.",access,KB-ACC-01,chat,low,IN,mobile_app,2026-06-02,,,,"Sep 20, 2026",
TKT-00182,"hello team, I forgot my password and cannot sign in thanks Also, I need to update my phone number.",access,KB-ACC-01,app,low,IN,credit_card,2026-05-09,,,,,account
TKT-00183,"please help, password reset is not letting me access the account this is frustrating",access,KB-ACC-01,email,low,SG,credit_card,2026-04-16,,,,,
TKT-00184,urgent: password reset is not letting me access the account,access,KB-ACC-01,app,low,US,mobile_app,2026-09-06,,,,,
TKT-00185,"Hi, password reset is not letting me access the account can you check?",access,KB-ACC-01,email,low,US,credit_card,2026-08-06,,,,,
TKT-00186,urgent: my account is locked after too many login attempts this is frustrating,access,KB-ACC-01,email,medium,SG,account_portal,2026-03-04,,,,,
TKT-00187,"please help, password reset is not letting me access the account asap Also, my refund is still missing.",access,KB-ACC-01,email,low,IN,mobile_app,2026-02-18,,,,,refund
TKT-00188,"Hi, my verification code keeps showing invalid can you check?",access,KB-ACC-02,chat,low,SG,mobile_app,2026-07-11,,,,,
TKT-00189,"please help, the OTP code never arrives can you check? Email user40@example.com.",access,KB-ACC-02,email,medium,GB,shopping,2026-03-08,,,user40@example.com,,
TKT-00190,need help - password reset is not letting me access the account!!!,access,KB-ACC-01,email,high,GB,shopping,2026-04-16,,,,,
TKT-00191,need help - I forgot my password and cannot sign in this is frustrating Email user43@example.com.,access,KB-ACC-01,app,low,SG,credit_card,2026-03-26,,,user43@example.com,,
TKT-00192,"hello team, my account is locked after too many login attempts thanks",access,KB-ACC-01,email,medium,US,account_portal,2026-04-28,,,,,
TKT-00193,"Hi, my account is locked after too many login attempts this is frustrating Email user79@example.com.",access,KB-ACC-01,app,high,IN,mobile_app,2026-08-03,,,user79@example.com,,
TKT-00194,"Hi, I forgot my password and cannot sign in Email user90@example.com.",access,KB-ACC-01,chat,low,US,shopping,2026-01-16,,,user90@example.com,,
TKT-00195,"Hi, my verification code keeps showing invalid can you check? Also, the item arrived damaged.",access,KB-ACC-02,email,low,GB,shopping,2026-01-05,,,,,delivery
TKT-00196,"Hi, my verification code keeps showing invalid can you check? Date 12 Sep 2026.",access,KB-ACC-02,chat,low,GB,shopping,2026-03-10,,,,12 Sep 2026,
TKT-00197,the OTP code never arrives asap,access,KB-ACC-02,email,medium,IN,mobile_app,2026-01-24,,,,,
TKT-00198,"hello team, the OTP code never arrives!!! Email user11@example.com. Also, I want to manage my account settings.",access,KB-ACC-02,email,medium,IN,mobile_app,2026-02-28,,,user11@example.com,,account
TKT-00199,"Hi, my account is locked after too many login attempts thanks Email user19@example.com.",access,KB-ACC-01,app,medium,IN,credit_card,2026-08-26,,,user19@example.com,,
TKT-00200,password reset is not letting me access the account please,access,KB-ACC-01,chat,low,SG,account_portal,2026-06-23,,,,,
TKT-00201,urgent: my verification code keeps showing invalid!!! Email user98@example.com.,access,KB-ACC-02,email,low,US,credit_card,2026-08-03,,,user98@example.com,,
TKT-00202,urgent: I forgot my password and cannot sign in thanks,access,KB-ACC-01,chat,medium,US,account_portal,2026-02-28,,,,,
TKT-00203,"need help - password reset is not letting me access the account!!! Also, where is my order it should be here already.",access,KB-ACC-01,chat,medium,IN,shopping,2026-02-09,,,,,delivery
TKT-00204,"Hi, the OTP code never arrives this is frustrating",access,KB-ACC-02,chat,high,US,shopping,2026-07-14,,,,,
TKT-00205,password reset is not letting me access the acount please Email user81@example.com.,access,KB-ACC-01,chat,low,IN,shopping,2026-08-10,,,user81@example.com,,
TKT-00206,the OTP code never arrives asap,access,KB-ACC-02,chat,medium,SG,account_portal,2026-02-13,,,,,
TKT-00207,urgent: my account is locked after too many login attempts asap Email user31@example.com.,access,KB-ACC-01,email,medium,GB,shopping,2026-08-30,,,user31@example.com,,
TKT-00208,"Hi, my account is locked after too many login attempts can you check?",access,KB-ACC-01,chat,high,GB,account_portal,2026-07-25,,,,,
TKT-00209,"hello team, password reset is not letting me access the account asap",access,KB-ACC-01,email,low,SG,account_portal,2026-03-22,,,,,
TKT-00210,"hello team, my account is locked after too many login attempts asap",access,KB-ACC-01,chat,low,GB,account_portal,2026-04-04,,,,,
TKT-00211,need help - I forgot my password and cannot sign in please,access,KB-ACC-01,app,medium,SG,account_portal,2026-07-24,,,,,
TKT-00212,"Hi, password reset is not letting me access the account",access,KB-ACC-01,app,low,GB,credit_card,2026-07-03,,,,,
TKT-00213,"hello team, the OTP code never arrives",access,KB-ACC-02,app,low,IN,shopping,2026-06-29,,,,,
TKT-00214,need help - my verification code keeps showing invalid can you check? Email user41@example.com.,access,KB-ACC-02,app,medium,US,shopping,2026-09-05,,,user41@example.com,,
TKT-00215,the OTP code never arrives Email user76@example.com.,access,KB-ACC-02,chat,low,US,account_portal,2026-07-17,,,user76@example.com,,
TKT-00216,need help - two factor authentication stopped working can you check? Email user13@example.com.,access,KB-ACC-02,chat,low,SG,shopping,2026-03-21,,,user13@example.com,,
TKT-00217,"hello team, password reset is not letting me access the account this is frustrating",access,KB-ACC-01,app,medium,IN,shopping,2026-01-12,,,,,
TKT-00218,two factor authentication stopped working,access,KB-ACC-02,app,low,SG,credit_card,2026-03-26,,,,,
TKT-00219,"hello team, my verification code keeps showing invalid!!! Email user33@example.com. Date Sep 20, 2026.",access,KB-ACC-02,chat,medium,SG,account_portal,2026-06-01,,,user33@example.com,"Sep 20, 2026",
TKT-00220,"hello team, the OTP code never arrives Email user18@example.com.",access,KB-ACC-02,app,low,GB,credit_card,2026-04-28,,,user18@example.com,,
TKT-00221,urgent: I forgot my password and cannot sign in can you check?,access,KB-ACC-01,app,low,IN,shopping,2026-04-01,,,,,
TKT-00222,need help - the OTP code never arrives please,access,KB-ACC-02,chat,medium,GB,mobile_app,2026-03-03,,,,,
TKT-00223,password reset is not letting me access the account please Email user59@example.com.,access,KB-ACC-01,email,low,US,credit_card,2026-05-23,,,user59@example.com,,
TKT-00224,"hello team, my account is locked after too many login attempts asap Email user67@example.com.",access,KB-ACC-01,chat,medium,SG,account_portal,2026-09-04,,,user67@example.com,,
TKT-00225,need help - my verification code keeps showing invalid can you check?,access,KB-ACC-02,email,low,IN,credit_card,2026-03-16,,,,,
TKT-00226,urgent: I forgot my password and cannot sign in please Email user68@example.com.,access,KB-ACC-01,email,medium,IN,mobile_app,2026-03-10,,,user68@example.com,,
TKT-00227,urgent: my verification code keeps showing invalid thanks Email user66@example.com.,access,KB-ACC-02,chat,medium,SG,shopping,2026-08-12,,,user66@example.com,,
TKT-00228,"hello team, I forgot my password and cannot sign in asap",access,KB-ACC-01,chat,low,GB,account_portal,2026-02-12,,,,,
TKT-00229,"please help, my verification code keeps showing invalid this is frustrating Email user17@example.com.",access,KB-ACC-02,app,medium,GB,shopping,2026-03-16,,,user17@example.com,,
TKT-00230,urgent: my verification code keeps showing invalid this is frustrating,access,KB-ACC-02,email,high,GB,credit_card,2026-06-29,,,,,
TKT-00231,"please help, my account is locked after too many login attempts please",access,KB-ACC-01,email,low,GB,account_portal,2026-04-07,,,,,
TKT-00232,the OTP code never arrives can you check?,access,KB-ACC-02,app,high,GB,account_portal,2026-09-01,,,,,
TKT-00233,urgent: the OTP code never arrives thanks,access,KB-ACC-02,email,medium,GB,mobile_app,2026-07-23,,,,,
TKT-00234,"hello team, my verification code keeps showing invalid please",access,KB-ACC-02,email,low,SG,account_portal,2026-07-21,,,,,
TKT-00235,"Hi, pasword reset is not letting me access the account this is frustrating Also, the refund amount is lower than expected.",access,KB-ACC-01,email,low,US,credit_card,2026-06-26,,,,,refund
TKT-00236,"Hi, my account is locked after too many login attempts asap",access,KB-ACC-01,email,low,SG,mobile_app,2026-04-12,,,,,
TKT-00237,"urgent: two factor authentication stopped working can you check? Email user93@example.com. Date 12 Sep 2026. Also, please change the email on my profile.",access,KB-ACC-02,chat,medium,US,mobile_app,2026-01-03,,,user93@example.com,12 Sep 2026,account
TKT-00238,urgent: two factor authentication stopped working this is frustrating,access,KB-ACC-02,chat,low,IN,mobile_app,2026-03-22,,,,,
TKT-00239,urgent: password reset is not letting me access the account please,access,KB-ACC-01,app,low,IN,credit_card,2026-04-23,,,,,
TKT-00240,"Hi, password reset is not letting me access the account please Email user62@example.com.",access,KB-ACC-01,chat,low,IN,credit_card,2026-07-12,,,user62@example.com,,
TKT-00241,need help - I forgot my password and cannot sign in can you check?,access,KB-ACC-01,email,medium,SG,shopping,2026-07-19,,,,,
TKT-00242,two factor authentication stopped working this is frustrating,access,KB-ACC-02,chat,medium,GB,mobile_app,2026-07-20,,,,,
TKT-00243,"hello team, my acount is locked after too many login attempts!!! Date 12 Sep 2026.",access,KB-ACC-01,email,low,US,shopping,2026-05-20,,,,12 Sep 2026,
TKT-00244,"please help, two factor authentication stopped working this is frustrating Date Sep 20, 2026. Also, the screen freezes after the latest update.",access,KB-ACC-02,chat,high,US,shopping,2026-06-10,,,,"Sep 20, 2026",technical
TKT-00245,"need help - two factor authentication stopped working this is frustrating Date Sep 20, 2026.",access,KB-ACC-02,chat,low,GB,mobile_app,2026-05-11,,,,"Sep 20, 2026",
TKT-00246,"please help, my account is locked after too many login attempts thanks",access,KB-ACC-01,app,low,US,credit_card,2026-01-15,,,,,
TKT-00247,my acount is locked after too many login attempts!!! Email user94@example.com.,access,KB-ACC-01,app,low,IN,credit_card,2026-05-08,,,user94@example.com,,
TKT-00248,need help - password reset is not letting me access the account thanks Date 12 Sep 2026.,access,KB-ACC-01,email,medium,IN,mobile_app,2026-03-27,,,,12 Sep 2026,
TKT-00249,"urgent: the OTP code never arrives thanks Also, change my communication preferences.",access,KB-ACC-02,email,low,SG,shopping,2026-02-10,,,,,account
TKT-00250,password reset is not letting me access the account thanks Email user75@example.com. Date 12 Sep 2026.,access,KB-ACC-01,email,low,SG,credit_card,2026-08-27,,,user75@example.com,12 Sep 2026,
TKT-00251,need help - I forgot my password and cannot sign in this is frustrating,access,KB-ACC-01,email,high,GB,shopping,2026-07-31,,,,,
TKT-00252,need help - I forgot my pasword and cannot sign in asap Email user76@example.com.,access,KB-ACC-01,chat,high,GB,shopping,2026-03-25,,,user76@example.com,,
TKT-00253,need help - I forgot my pasword and cannot sign in!!! Email user48@example.com.,access,KB-ACC-01,email,medium,US,credit_card,2026-07-07,,,user48@example.com,,
TKT-00254,"please help, my verification code keeps showing invalid please Email user39@example.com.",access,KB-ACC-02,app,high,GB,mobile_app,2026-07-14,,,user39@example.com,,
TKT-00255,"hello team, two factor authentication stopped working this is frustrating Email user36@example.com.",access,KB-ACC-02,email,high,SG,shopping,2026-01-24,,,user36@example.com,,
TKT-00256,"please help, the mobile app crashes whenever I open it this is frustrating",technical,KB-TECH-01,app,low,IN,credit_card,2026-06-13,,,,,
TKT-00257,file upload fails with a network error thanks,technical,KB-TECH-02,chat,low,GB,account_portal,2026-06-29,,,,,
TKT-00258,urgent: the dashboard keeps timing out asap,technical,KB-TECH-02,chat,medium,IN,credit_card,2026-01-28,,,,,
TKT-00259,"hello team, the screen freezes after the latest update!!! Date 18/09/2026.",technical,KB-TECH-01,chat,medium,US,shopping,2026-08-07,,,,18/09/2026,
TKT-00260,the mobile app crashes whenever I open it please,technical,KB-TECH-01,app,low,GB,credit_card,2026-01-24,,,,,
TKT-00261,"please help, the dashboard keeps timing out asap Date 18/09/2026.",technical,KB-TECH-02,chat,low,US,account_portal,2026-05-23,,,,18/09/2026,
TKT-00262,need help - the dashboard keeps timing out please Date 12 Sep 2026.,technical,KB-TECH-02,chat,medium,SG,credit_card,2026-02-20,,,,12 Sep 2026,
TKT-00263,urgent: file upload fails with a network error can you check?,technical,KB-TECH-02,email,high,IN,mobile_app,2026-01-17,,,,,
TKT-00264,"Hi, the screen freezes after the latest update!!! Date 18/09/2026.",technical,KB-TECH-01,email,low,US,account_portal,2026-05-08,,,,18/09/2026,
TKT-00265,"hello team, the mobile app crashes whenever I open it can you check?",technical,KB-TECH-01,email,low,SG,mobile_app,2026-06-07,,,,,
TKT-00266,need help - data synchronization is not working please,technical,KB-TECH-02,email,low,GB,account_portal,2026-02-05,,,,,
TKT-00267,"please help, file upload fails with a network error can you check?",technical,KB-TECH-02,app,medium,US,shopping,2026-05-03,,,,,
TKT-00268,"hello team, data synchronization is not working asap",technical,KB-TECH-02,chat,low,SG,mobile_app,2026-08-18,,,,,
TKT-00269,the application closes when I tap settings this is frustrating,technical,KB-TECH-01,chat,high,IN,credit_card,2026-06-18,,,,,
TKT-00270,"urgent: the screen freezes after the latest update thanks Also, I received only part of my refund.",technical,KB-TECH-01,email,low,SG,credit_card,2026-03-02,,,,,refund
TKT-00271,urgent: data synchronization is not working this is frustrating,technical,KB-TECH-02,app,medium,SG,credit_card,2026-08-03,,,,,
TKT-00272,need help - file upload fails with a network error asap Date 12 Sep 2026.,technical,KB-TECH-02,chat,low,US,mobile_app,2026-03-26,,,,12 Sep 2026,
TKT-00273,"please help, data synchronization is not working this is frustrating",technical,KB-TECH-02,email,low,SG,credit_card,2026-07-18,,,,,
TKT-00274,"need help - the mobile app crashes whenever I open it this is frustrating Date Sep 20, 2026.",technical,KB-TECH-01,email,medium,GB,shopping,2026-03-24,,,,"Sep 20, 2026",
TKT-00275,"please help, the screen freezes after the latest update can you check?",technical,KB-TECH-01,app,low,GB,credit_card,2026-06-20,,,,,
TKT-00276,"please help, data synchronization is not working!!!",technical,KB-TECH-02,app,low,US,mobile_app,2026-02-16,,,,,
TKT-00277,urgent: data synchronization is not working this is frustrating,technical,KB-TECH-02,email,low,IN,credit_card,2026-03-30,,,,,
TKT-00278,"please help, the application closes when I tap settings can you check? Date Sep 20, 2026.",technical,KB-TECH-01,app,high,US,mobile_app,2026-03-09,,,,"Sep 20, 2026",
TKT-00279,"please help, the screen freezes after the latest udpate can you check?",technical,KB-TECH-01,chat,low,US,credit_card,2026-08-15,,,,,
TKT-00280,"hello team, file upload fails with a network error!!!",technical,KB-TECH-02,app,medium,SG,credit_card,2026-04-26,,,,,
TKT-00281,the mobile app crashes whenever I open it asap,technical,KB-TECH-01,email,low,US,credit_card,2026-07-07,,,,,
TKT-00282,need help - the mobile app crashes whenever I open it,technical,KB-TECH-01,app,low,SG,account_portal,2026-02-10,,,,,
TKT-00283,"the mobile app crashes whenever I open it asap Date Sep 20, 2026.",technical,KB-TECH-01,app,medium,GB,shopping,2026-03-02,,,,"Sep 20, 2026",
TKT-00284,the mobile app crashes whenever I open it!!!,technical,KB-TECH-01,email,low,IN,shopping,2026-07-30,,,,,
TKT-00285,"Hi, the dashboard keeps timing out thanks Date 12 Sep 2026.",technical,KB-TECH-02,email,high,US,mobile_app,2026-03-20,,,,12 Sep 2026,
TKT-00286,"hello team, file upload fails with a network error!!!",technical,KB-TECH-02,email,low,US,shopping,2026-02-17,,,,,
TKT-00287,file upload fails with a network error asap,technical,KB-TECH-02,app,low,IN,mobile_app,2026-06-21,,,,,
TKT-00288,need help - the application closes when I tap settings!!!,technical,KB-TECH-01,email,medium,US,account_portal,2026-05-27,,,,,
TKT-00289,"hello team, the screen freezes after the latest udpate asap",technical,KB-TECH-01,app,medium,SG,mobile_app,2026-09-01,,,,,
TKT-00290,"please help, file upload fails with a network error please",technical,KB-TECH-02,email,low,US,credit_card,2026-07-30,,,,,
TKT-00291,"please help, the dashboard keeps timing out this is frustrating",technical,KB-TECH-02,chat,low,US,shopping,2026-08-08,,,,,
TKT-00292,"need help - the application closes when I tap settings!!! Date Sep 20, 2026.",technical,KB-TECH-01,app,medium,IN,account_portal,2026-02-08,,,,"Sep 20, 2026",
TKT-00293,need help - the screen freezes after the latest update thanks,technical,KB-TECH-01,chat,medium,IN,shopping,2026-08-11,,,,,
TKT-00294,urgent: data synchronization is not working!!!,technical,KB-TECH-02,email,low,GB,account_portal,2026-02-06,,,,,
TKT-00295,need help - data synchronization is not working can you check? Date 18/09/2026.,technical,KB-TECH-02,chat,medium,GB,shopping,2026-01-06,,,,18/09/2026,
TKT-00296,urgent: the application closes when I tap settings asap,technical,KB-TECH-01,chat,high,SG,credit_card,2026-03-18,,,,,
TKT-00297,"hello team, the dashboard keeps timing out this is frustrating",technical,KB-TECH-02,app,low,US,credit_card,2026-08-22,,,,,
TKT-00298,"Hi, file upload fails with a network error!!!",technical,KB-TECH-02,app,medium,IN,shopping,2026-07-01,,,,,
TKT-00299,"hello team, data synchronization is not working please",technical,KB-TECH-02,chat,low,SG,mobile_app,2026-03-05,,,,,
TKT-00300,"hello team, the mobile app crashes whenever I open it",technical,KB-TECH-01,email,medium,IN,mobile_app,2026-03-03,,,,,
TKT-00301,"hello team, the application closes when I tap settings thanks",technical,KB-TECH-01,app,low,SG,shopping,2026-07-11,,,,,
TKT-00302,"the dashboard keeps timing out asap Date Sep 20, 2026.",technical,KB-TECH-02,chat,high,SG,credit_card,2026-03-10,,,,"Sep 20, 2026",
TKT-00303,"hello team, the dashboard keeps timing out thanks",technical,KB-TECH-02,chat,medium,SG,credit_card,2026-06-03,,,,,
TKT-00304,"please help, the mobile app crashes whenever I open it asap",technical,KB-TECH-01,app,medium,US,account_portal,2026-08-07,,,,,
TKT-00305,"hello team, the application closes when I tap settings asap",technical,KB-TECH-01,app,low,IN,mobile_app,2026-05-11,,,,,
TKT-00306,urgent: the dashboard keeps timing out thanks,technical,KB-TECH-02,chat,medium,GB,shopping,2026-06-13,,,,,
TKT-00307,urgent: the application closes when I tap settings asap,technical,KB-TECH-01,chat,low,SG,mobile_app,2026-07-26,,,,,
TKT-00308,"hello team, data synchronization is not working can you check? Date 12 Sep 2026.",technical,KB-TECH-02,email,low,US,account_portal,2026-04-10,,,,12 Sep 2026,
TKT-00309,the dashboard keeps timing out thanks,technical,KB-TECH-02,app,medium,US,shopping,2026-05-10,,,,,
TKT-00310,"please help, the application closes when I tap settings this is frustrating",technical,KB-TECH-01,email,low,GB,credit_card,2026-08-31,,,,,
TKT-00311,urgent: the dashboard keeps timing out can you check?,technical,KB-TECH-02,email,low,GB,shopping,2026-03-08,,,,,
TKT-00312,urgent: data synchronization is not working!!!,technical,KB-TECH-02,app,medium,IN,account_portal,2026-08-16,,,,,
TKT-00313,need help - the screen freezes after the latest update,technical,KB-TECH-01,chat,high,SG,credit_card,2026-02-21,,,,,
TKT-00314,"hello team, the application closes when I tap settings thanks",technical,KB-TECH-01,app,low,IN,account_portal,2026-03-27,,,,,
TKT-00315,"please help, the dashboard keeps timing out asap Date 18/09/2026.",technical,KB-TECH-02,chat,medium,SG,account_portal,2026-07-21,,,,18/09/2026,
TKT-00316,"please help, the mobile app crashes whenever I open it thanks",technical,KB-TECH-01,email,low,IN,credit_card,2026-07-07,,,,,
TKT-00317,"the application closes when I tap settings asap Also, I do not recognize this merchant charge.",technical,KB-TECH-01,app,low,GB,shopping,2026-02-03,,,,,billing
TKT-00318,"hello team, the mobile app crashes whenever I open it thanks Date 12 Sep 2026.",technical,KB-TECH-01,email,medium,GB,account_portal,2026-08-16,,,,12 Sep 2026,
TKT-00319,"please help, the dashboard keeps timing out asap",technical,KB-TECH-02,chat,high,US,mobile_app,2026-02-28,,,,,
TKT-00320,"Hi, the screen freezes after the latest update please Date Sep 20, 2026.",technical,KB-TECH-01,email,medium,IN,account_portal,2026-08-13,,,,"Sep 20, 2026",
TKT-00321,urgent: the dashboard keeps timing out this is frustrating Date 12 Sep 2026.,technical,KB-TECH-02,app,medium,IN,mobile_app,2026-04-17,,,,12 Sep 2026,
TKT-00322,"hello team, file upload fails with a network error",technical,KB-TECH-02,app,medium,IN,shopping,2026-04-18,,,,,
TKT-00323,the dashboard keeps timing out can you check?,technical,KB-TECH-02,email,medium,IN,mobile_app,2026-03-14,,,,,
TKT-00324,the mobile app crashes whenever I open it!!! Date 18/09/2026.,technical,KB-TECH-01,chat,low,US,shopping,2026-02-11,,,,18/09/2026,
TKT-00325,need help - the mobile app crashes whenever I open it!!!,technical,KB-TECH-01,chat,low,IN,mobile_app,2026-08-02,,,,,
TKT-00326,"Hi, data synchronization is not working!!! Date Sep 20, 2026. Also, the same merchant payment appears two times.",technical,KB-TECH-02,app,low,GB,shopping,2026-04-29,,,,"Sep 20, 2026",billing
TKT-00327,the mobile app crashes whenever I open it this is frustrating Date 18/09/2026.,technical,KB-TECH-01,app,low,IN,mobile_app,2026-08-06,,,,18/09/2026,
TKT-00328,the mobile app crashes whenever I open it this is frustrating,technical,KB-TECH-01,email,high,GB,mobile_app,2026-04-06,,,,,
TKT-00329,"please help, the application closes when I tap settings",technical,KB-TECH-01,email,medium,US,account_portal,2026-06-16,,,,,
TKT-00330,the screen freezes after the latest update please Date 12 Sep 2026.,technical,KB-TECH-01,app,medium,US,credit_card,2026-06-06,,,,12 Sep 2026,
TKT-00331,urgent: I want to close my acount permanently thanks,account,KB-ACCT-02,email,low,GB,shopping,2026-01-04,,,,,
TKT-00332,"Hi, I want to manage my account settings thanks",account,KB-ACCT-02,app,high,IN,account_portal,2026-06-19,,,,,
TKT-00333,"please help, I want to manage my account settings!!!",account,KB-ACCT-02,app,high,IN,mobile_app,2026-06-14,,,,,
TKT-00334,need help - I need to update my phone number this is frustrating Date 18/09/2026.,account,KB-ACCT-01,email,high,IN,credit_card,2026-05-21,,,,18/09/2026,
TKT-00335,"hello team, I want to manage my account settings!!! Email user66@example.com.",account,KB-ACCT-02,email,low,IN,account_portal,2026-07-10,,,user66@example.com,,
TKT-00336,I want to manage my account settings Email user80@example.com. Date 12 Sep 2026.,account,KB-ACCT-02,app,medium,SG,account_portal,2026-09-01,,,user80@example.com,12 Sep 2026,
TKT-00337,urgent: how can I change my mailing address this is frustrating Email user68@example.com.,account,KB-ACCT-01,app,medium,GB,account_portal,2026-01-30,,,user68@example.com,,
TKT-00338,"Hi, please change the email on my profile please Email user91@example.com.",account,KB-ACCT-01,app,low,IN,mobile_app,2026-08-18,,,user91@example.com,,
TKT-00339,"hello team, I need to update my phone number please",account,KB-ACCT-01,chat,low,US,credit_card,2026-04-28,,,,,
TKT-00340,"Hi, I need to udpate my phone number asap Email user91@example.com.",account,KB-ACCT-01,email,medium,SG,account_portal,2026-01-02,,,user91@example.com,,
TKT-00341,"Hi, change my communication preferences Email user84@example.com.",account,KB-ACCT-02,chat,medium,SG,credit_card,2026-01-27,,,user84@example.com,,
TKT-00342,"Hi, I want to close my account permanently thanks Email user59@example.com.",account,KB-ACCT-02,app,medium,GB,account_portal,2026-09-04,,,user59@example.com,,
TKT-00343,urgent: how can I change my mailing address!!! Email user87@example.com.,account,KB-ACCT-01,email,medium,GB,credit_card,2026-02-21,,,user87@example.com,,
TKT-00344,"need help - I need to update my phone number can you check? Email user96@example.com. Date Sep 20, 2026.",account,KB-ACCT-01,chat,medium,GB,mobile_app,2026-07-14,,,user96@example.com,"Sep 20, 2026",
TKT-00345,need help - how can I change my mailing address!!!,account,KB-ACCT-01,app,low,US,mobile_app,2026-05-14,,,,,
TKT-00346,please change the email on my profile!!! Date 12 Sep 2026.,account,KB-ACCT-01,app,low,IN,shopping,2026-02-22,,,,12 Sep 2026,
TKT-00347,change my communication preferences asap Email user96@example.com.,account,KB-ACCT-02,app,medium,US,credit_card,2026-05-11,,,user96@example.com,,
TKT-00348,urgent: I want to manage my account settings can you check?,account,KB-ACCT-02,app,low,IN,mobile_app,2026-07-10,,,,,
TKT-00349,"please help, how can I change my mailing address thanks",account,KB-ACCT-01,app,medium,GB,credit_card,2026-07-18,,,,,
TKT-00350,"please help, I want to manage my account settings asap Date 12 Sep 2026.",account,KB-ACCT-02,chat,low,US,shopping,2026-05-23,,,,12 Sep 2026,
TKT-00351,"please help, how can I change my mailing address please Email user52@example.com.",account,KB-ACCT-01,chat,low,GB,mobile_app,2026-07-18,,,user52@example.com,,
TKT-00352,need help - I want to manage my account settings this is frustrating,account,KB-ACCT-02,app,low,SG,credit_card,2026-05-14,,,,,
TKT-00353,need help - please change the email on my profile please Date 12 Sep 2026.,account,KB-ACCT-01,app,low,GB,shopping,2026-02-25,,,,12 Sep 2026,
TKT-00354,"need help - change my communication preferences!!! Also, the OTP code never arrives.",account,KB-ACCT-02,chat,high,SG,mobile_app,2026-06-24,,,,,access
TKT-00355,"hello team, how can I change my mailing address this is frustrating Email user79@example.com. Also, where is my order it should be here already.",account,KB-ACCT-01,app,medium,US,account_portal,2026-01-12,,,user79@example.com,,delivery
TKT-00356,"Hi, how can I change my mailing address please Email user22@example.com. Date Sep 20, 2026.",account,KB-ACCT-01,app,low,SG,account_portal,2026-08-02,,,user22@example.com,"Sep 20, 2026",
TKT-00357,"please help, please change the email on my profile thanks",account,KB-ACCT-01,chat,medium,SG,mobile_app,2026-04-28,,,,,
TKT-00358,urgent: I want to manage my acount settings Email user42@example.com.,account,KB-ACCT-02,chat,high,US,account_portal,2026-04-26,,,user42@example.com,,
TKT-00359,"hello team, I want to manage my account settings!!! Email user25@example.com.",account,KB-ACCT-02,app,low,IN,mobile_app,2026-04-02,,,user25@example.com,,
TKT-00360,change my communication preferences asap Email user21@example.com.,account,KB-ACCT-02,email,low,IN,account_portal,2026-02-10,,,user21@example.com,,
TKT-00361,"please help, change my communication preferences please",account,KB-ACCT-02,app,low,GB,mobile_app,2026-05-22,,,,,
TKT-00362,"please help, change my communication preferences",account,KB-ACCT-02,chat,low,GB,credit_card,2026-04-16,,,,,
TKT-00363,need help - I want to manage my account settings please Email user42@example.com. Date 12 Sep 2026.,account,KB-ACCT-02,app,high,US,mobile_app,2026-03-16,,,user42@example.com,12 Sep 2026,
TKT-00364,I want to manage my acount settings asap,account,KB-ACCT-02,chat,low,IN,credit_card,2026-03-23,,,,,
TKT-00365,"hello team, I want to close my account permanently asap Email user84@example.com. Date Sep 20, 2026.",account,KB-ACCT-02,email,high,SG,mobile_app,2026-03-22,,,user84@example.com,"Sep 20, 2026",
TKT-00366,"please help, I need to update my phone number can you check? Email user56@example.com. Date Sep 20, 2026.",account,KB-ACCT-01,email,medium,GB,shopping,2026-05-05,,,user56@example.com,"Sep 20, 2026",
TKT-00367,change my communication preferences please Email user45@example.com.,account,KB-ACCT-02,app,low,IN,mobile_app,2026-08-17,,,user45@example.com,,
TKT-00368,need help - please change the email on my profile can you check?,account,KB-ACCT-01,chat,medium,US,credit_card,2026-04-04,,,,,
TKT-00369,"please help, I want to close my account permanently this is frustrating Date Sep 20, 2026.",account,KB-ACCT-02,email,low,IN,credit_card,2026-08-06,,,,"Sep 20, 2026",
TKT-00370,"Hi, change my communication preferences please Email user30@example.com. Date Sep 20, 2026.",account,KB-ACCT-02,chat,medium,US,shopping,2026-01-11,,,user30@example.com,"Sep 20, 2026",
TKT-00371,"hello team, I need to udpate my phone number please Email user95@example.com.",account,KB-ACCT-01,email,low,US,mobile_app,2026-01-11,,,user95@example.com,,
TKT-00372,urgent: I want to manage my account settings,account,KB-ACCT-02,email,medium,SG,account_portal,2026-06-17,,,,,
TKT-00373,urgent: I want to close my account permanently thanks,account,KB-ACCT-02,chat,medium,GB,shopping,2026-05-05,,,,,
TKT-00374,need help - I want to close my account permanently Email user31@example.com.,account,KB-ACCT-02,email,low,SG,credit_card,2026-04-03,,,user31@example.com,,
TKT-00375,"Hi, change my communication preferences this is frustrating Email user52@example.com.",account,KB-ACCT-02,email,medium,SG,account_portal,2026-01-06,,,user52@example.com,,
TKT-00376,I need to update my phone number please Email user90@example.com.,account,KB-ACCT-01,chat,low,GB,credit_card,2026-05-13,,,user90@example.com,,
TKT-00377,need help - I want to close my account permanently thanks,account,KB-ACCT-02,chat,low,US,account_portal,2026-02-13,,,,,
TKT-00378,"hello team, I need to update my phone number thanks",account,KB-ACCT-01,app,low,GB,account_portal,2026-06-02,,,,,
TKT-00379,change my communication preferences please Email user12@example.com.,account,KB-ACCT-02,app,medium,SG,mobile_app,2026-02-15,,,user12@example.com,,
TKT-00380,"need help - I want to close my acount permanently thanks Email user94@example.com. Date Sep 20, 2026.",account,KB-ACCT-02,chat,high,US,account_portal,2026-04-05,,,user94@example.com,"Sep 20, 2026",
TKT-00381,"Hi, please change the email on my profile thanks",account,KB-ACCT-01,email,medium,IN,account_portal,2026-02-04,,,,,
TKT-00382,"hello team, how can I change my mailing address this is frustrating",account,KB-ACCT-01,email,low,IN,mobile_app,2026-05-28,,,,,
TKT-00383,change my communication preferences thanks,account,KB-ACCT-02,email,low,US,shopping,2026-03-08,,,,,
TKT-00384,"hello team, change my communication preferences thanks Email user97@example.com.",account,KB-ACCT-02,app,medium,US,credit_card,2026-04-05,,,user97@example.com,,
TKT-00385,need help - change my communication preferences!!! Email user54@example.com.,account,KB-ACCT-02,chat,high,IN,credit_card,2026-04-25,,,user54@example.com,,
TKT-00386,"please help, I want to manage my account settings Email user53@example.com.",account,KB-ACCT-02,app,medium,SG,account_portal,2026-09-04,,,user53@example.com,,
TKT-00387,"I want to manage my acount settings this is frustrating Also, my account is locked after too many login attempts.",account,KB-ACCT-02,email,low,IN,account_portal,2026-08-27,,,,,access
TKT-00388,need help - I want to close my account permanently can you check?,account,KB-ACCT-02,chat,medium,US,mobile_app,2026-02-21,,,,,
TKT-00389,need help - I want to manage my account settings asap,account,KB-ACCT-02,app,low,IN,shopping,2026-03-03,,,,,
TKT-00390,I want to manage my acount settings please,account,KB-ACCT-02,app,low,IN,mobile_app,2026-08-24,,,,,
TKT-00391,need help - please change the email on my profile asap,account,KB-ACCT-01,email,low,SG,account_portal,2026-08-27,,,,,
TKT-00392,need help - I want to close my account permanently Email user23@example.com.,account,KB-ACCT-02,email,high,GB,shopping,2026-06-27,,,user23@example.com,,
TKT-00393,"hello team, I want to close my account permanently thanks Email user53@example.com.",account,KB-ACCT-02,email,high,IN,account_portal,2026-01-30,,,user53@example.com,,
TKT-00394,how can I change my mailing address!!!,account,KB-ACCT-01,email,low,GB,mobile_app,2026-06-29,,,,,
TKT-00395,"please help, how can I change my mailing address asap Also, the refund amount is lower than expected.",account,KB-ACCT-01,email,low,GB,credit_card,2026-08-31,,,,,refund
TKT-00396,"Hi, my delivery contains a different item please Order ORD-41726.",delivery,KB-DEL-02,chat,medium,GB,credit_card,2026-07-19,,ORD-41726,,,
TKT-00397,"my package has not arrived yet Order ORD-90455. Date Sep 20, 2026.",delivery,KB-DEL-01,email,low,GB,account_portal,2026-08-18,,ORD-90455,,"Sep 20, 2026",
TKT-00398,urgent: the item arrived damaged!!!,delivery,KB-DEL-02,app,low,US,account_portal,2026-08-29,,,,,
TKT-00399,the item arrived damaged thanks,delivery,KB-DEL-02,chat,medium,US,shopping,2026-06-26,,,,,
TKT-00400,my package has not arrived yet can you check? Order ORD-52655.,delivery,KB-DEL-01,chat,medium,SG,shopping,2026-05-01,,ORD-52655,,,
TKT-00401,urgent: the item arrived damaged asap Order ORD-64931.,delivery,KB-DEL-02,email,low,SG,credit_card,2026-09-08,,ORD-64931,,,
TKT-00402,"Hi, the item arrived damaged please Order ORD-40907.",delivery,KB-DEL-02,chat,low,SG,account_portal,2026-07-26,,ORD-40907,,,
TKT-00403,"please help, my package has not arrived yet!!!",delivery,KB-DEL-01,app,low,US,shopping,2026-03-06,,,,,
TKT-00404,need help - the item arrived damaged Order ORD-17869.,delivery,KB-DEL-02,app,low,GB,shopping,2026-04-03,,ORD-17869,,,
TKT-00405,need help - where is my order it should be here already thanks Order ORD-12599.,delivery,KB-DEL-01,app,high,SG,credit_card,2026-09-08,,ORD-12599,,,
TKT-00406,urgent: where is my order it should be here already asap Order ORD-68580.,delivery,KB-DEL-01,email,medium,SG,credit_card,2026-06-13,,ORD-68580,,,
TKT-00407,"hello team, where is my order it should be here already can you check? Order ORD-19351. Date 18/09/2026.",delivery,KB-DEL-01,email,medium,GB,account_portal,2026-03-11,,ORD-19351,,18/09/2026,
TKT-00408,urgent: I received the wrong product can you check?,delivery,KB-DEL-02,chat,low,SG,shopping,2026-08-29,,,,,
TKT-00409,"Hi, my delivry contains a different item can you check? Order ORD-22524. Date 18/09/2026.",delivery,KB-DEL-02,chat,medium,IN,mobile_app,2026-03-09,,ORD-22524,,18/09/2026,
TKT-00410,"please help, the item arrived damaged",delivery,KB-DEL-02,email,low,SG,credit_card,2026-05-15,,,,,
TKT-00411,the delivery is late and tracking has not moved,delivery,KB-DEL-01,app,high,US,credit_card,2026-09-06,,,,,
TKT-00412,need help - my delivery contains a different item please Order ORD-93342.,delivery,KB-DEL-02,app,medium,GB,shopping,2026-05-04,,ORD-93342,,,
TKT-00413,"please help, the item arrived damaged this is frustrating Order ORD-64028.",delivery,KB-DEL-02,chat,medium,SG,shopping,2026-03-15,,ORD-64028,,,
TKT-00414,need help - I received the wrong product Order ORD-72530.,delivery,KB-DEL-02,email,medium,IN,shopping,2026-02-18,,ORD-72530,,,
TKT-00415,need help - I received the wrong product!!! Order ORD-94671.,delivery,KB-DEL-02,email,low,SG,shopping,2026-03-14,,ORD-94671,,,
TKT-00416,"Hi, my delivery contains a different item thanks Order ORD-18973. Date 18/09/2026.",delivery,KB-DEL-02,email,medium,GB,account_portal,2026-02-18,,ORD-18973,,18/09/2026,
TKT-00417,where is my order it should be here already please Order ORD-34371.,delivery,KB-DEL-01,chat,medium,IN,credit_card,2026-01-24,,ORD-34371,,,
TKT-00418,the delivery is late and tracking has not moved!!! Order ORD-75325.,delivery,KB-DEL-01,chat,low,SG,mobile_app,2026-03-10,,ORD-75325,,,
TKT-00419,I received the wrong product thanks Order ORD-42778.,delivery,KB-DEL-02,chat,high,SG,account_portal,2026-07-17,,ORD-42778,,,
TKT-00420,"please help, I received the wrong product can you check? Order ORD-22315.",delivery,KB-DEL-02,email,low,GB,shopping,2026-02-10,,ORD-22315,,,
TKT-00421,"Hi, my delivery contains a different item Order ORD-26009.",delivery,KB-DEL-02,chat,low,IN,credit_card,2026-09-07,,ORD-26009,,,
TKT-00422,"please help, my package has not arrived yet can you check? Order ORD-46188.",delivery,KB-DEL-01,chat,low,IN,account_portal,2026-06-26,,ORD-46188,,,
TKT-00423,"please help, the item arrived damaged asap Order ORD-75525. Date Sep 20, 2026.",delivery,KB-DEL-02,app,low,GB,credit_card,2026-06-29,,ORD-75525,,"Sep 20, 2026",
TKT-00424,the item arrived damaged please Order ORD-83184.,delivery,KB-DEL-02,email,medium,IN,account_portal,2026-04-02,,ORD-83184,,,
TKT-00425,"please help, my delivery contains a different item asap Order ORD-67344.",delivery,KB-DEL-02,email,low,SG,shopping,2026-03-24,,ORD-67344,,,
TKT-00426,"hello team, my delivery contains a different item asap Order ORD-82682. Date Sep 20, 2026.",delivery,KB-DEL-02,email,medium,GB,account_portal,2026-01-01,,ORD-82682,,"Sep 20, 2026",
TKT-00427,need help - my delivery contains a different item!!!,delivery,KB-DEL-02,app,low,IN,account_portal,2026-02-18,,,,,
TKT-00428,"Hi, the item arrived damaged!!! Order ORD-47110.",delivery,KB-DEL-02,chat,low,IN,mobile_app,2026-08-02,,ORD-47110,,,
TKT-00429,"please help, the delivry is late and tracking has not moved this is frustrating Order ORD-22943. Date Sep 20, 2026.",delivery,KB-DEL-01,app,medium,GB,mobile_app,2026-04-04,,ORD-22943,,"Sep 20, 2026",
TKT-00430,need help - the delivry is late and tracking has not moved can you check? Order ORD-20480.,delivery,KB-DEL-01,email,medium,US,shopping,2026-07-23,,ORD-20480,,,
TKT-00431,"my delivery contains a different item this is frustrating Order ORD-19225. Also, I received only part of my refund.",delivery,KB-DEL-02,chat,low,SG,account_portal,2026-02-18,,ORD-19225,,,refund
TKT-00432,need help - the delivery is late and tracking has not moved can you check? Order ORD-33448.,delivery,KB-DEL-01,app,low,GB,account_portal,2026-06-29,,ORD-33448,,,
TKT-00433,"hello team, my delivery contains a different item Order ORD-62632.",delivery,KB-DEL-02,app,high,US,shopping,2026-08-20,,ORD-62632,,,
TKT-00434,need help - where is my order it should be here already asap Order ORD-93000.,delivery,KB-DEL-01,app,low,SG,account_portal,2026-07-16,,ORD-93000,,,
TKT-00435,"Hi, the item arrived damaged asap Order ORD-62047. Date 12 Sep 2026.",delivery,KB-DEL-02,app,low,SG,shopping,2026-01-02,,ORD-62047,,12 Sep 2026,
TKT-00436,"please help, where is my order it should be here already please Order ORD-46170.",delivery,KB-DEL-01,app,high,SG,mobile_app,2026-01-10,,ORD-46170,,,
TKT-00437,urgent: I received the wrong product please Order ORD-86304.,delivery,KB-DEL-02,email,low,US,credit_card,2026-07-07,,ORD-86304,,,
TKT-00438,"Hi, my package has not arrived yet asap Order ORD-85527. Also, I forgot my password and cannot sign in.",delivery,KB-DEL-01,app,medium,US,mobile_app,2026-07-19,,ORD-85527,,,access
TKT-00439,urgent: my package has not arrived yet asap Order ORD-25799.,delivery,KB-DEL-01,app,medium,IN,account_portal,2026-01-14,,ORD-25799,,,
TKT-00440,need help - where is my order it should be here already Order ORD-52838.,delivery,KB-DEL-01,chat,medium,US,account_portal,2026-07-12,,ORD-52838,,,
TKT-00441,"need help - the item arrived damaged thanks Order ORD-61684. Date 18/09/2026. Also, I want to manage my account settings.",delivery,KB-DEL-02,chat,medium,GB,mobile_app,2026-04-13,,ORD-61684,,18/09/2026,account
TKT-00442,"hello team, the item arrived damaged this is frustrating",delivery,KB-DEL-02,email,medium,SG,credit_card,2026-03-04,,,,,
TKT-00443,"urgent: my package has not arrived yet this is frustrating Order ORD-85499. Date Sep 20, 2026.",delivery,KB-DEL-01,email,low,GB,shopping,2026-06-02,,ORD-85499,,"Sep 20, 2026",
TKT-00444,my delivery contains a different item this is frustrating,delivery,KB-DEL-02,email,medium,US,mobile_app,2026-08-25,,,,,
TKT-00445,"please help, the delivery is late and tracking has not moved can you check?",delivery,KB-DEL-01,chat,low,SG,shopping,2026-01-04,,,,,
TKT-00446,"Hi, where is my order it should be here already this is frustrating Order ORD-12981.",delivery,KB-DEL-01,chat,low,GB,account_portal,2026-06-09,,ORD-12981,,,
TKT-00447,"please help, my delivery contains a different item can you check? Order ORD-86415.",delivery,KB-DEL-02,email,low,GB,credit_card,2026-07-22,,ORD-86415,,,
TKT-00448,need help - my delivry contains a different item asap Order ORD-96556.,delivery,KB-DEL-02,app,low,IN,mobile_app,2026-03-16,,ORD-96556,,,
TKT-00449,"hello team, my delivery contains a different item please Order ORD-23055.",delivery,KB-DEL-02,app,medium,SG,credit_card,2026-05-09,,ORD-23055,,,
TKT-00450,need help - I received the wrong product can you check? Order ORD-79391.,delivery,KB-DEL-02,app,low,GB,shopping,2026-04-01,,ORD-79391,,,
TKT-00451,"urgent: my delivery contains a different item please Also, the OTP code never arrives.",delivery,KB-DEL-02,chat,high,GB,credit_card,2026-02-08,,,,,access
TKT-00452,"hello team, where is my order it should be here already can you check? Order ORD-78251.",delivery,KB-DEL-01,app,medium,US,credit_card,2026-05-27,,ORD-78251,,,
TKT-00453,"hello team, the delivery is late and tracking has not moved asap Order ORD-81071. Date Sep 20, 2026.",delivery,KB-DEL-01,app,medium,SG,credit_card,2026-03-21,,ORD-81071,,"Sep 20, 2026",
TKT-00454,"Hi, my delivery contains a different item thanks Order ORD-29025.",delivery,KB-DEL-02,chat,low,IN,credit_card,2026-03-23,,ORD-29025,,,
TKT-00455,"Hi, the delivery is late and tracking has not moved",delivery,KB-DEL-01,email,medium,GB,credit_card,2026-07-19,,,,,
TKT-00456,the delivery is late and tracking has not moved please,delivery,KB-DEL-01,app,medium,SG,credit_card,2026-06-25,,,,,
TKT-00457,urgent: my package has not arrived yet Order ORD-75840.,delivery,KB-DEL-01,app,low,US,account_portal,2026-05-02,,ORD-75840,,,
TKT-00458,"please help, the delivery is late and tracking has not moved please Order ORD-11967.",delivery,KB-DEL-01,chat,medium,SG,credit_card,2026-01-17,,ORD-11967,,,
TKT-00459,"hello team, the delivery is late and tracking has not moved this is frustrating Order ORD-69971.",delivery,KB-DEL-01,chat,medium,US,shopping,2026-04-11,,ORD-69971,,,
TKT-00460,"Hi, the item arrived damaged thanks Order ORD-15047.",delivery,KB-DEL-02,chat,high,SG,account_portal,2026-07-08,,ORD-15047,,,
TKT-00461,need help - my package has not arrived yet!!! Order ORD-16461. Date 18/09/2026.,delivery,KB-DEL-01,email,medium,GB,account_portal,2026-02-12,,ORD-16461,,18/09/2026,
TKT-00462,urgent: I received the wrong product thanks Order ORD-28643.,delivery,KB-DEL-02,chat,medium,IN,credit_card,2026-07-19,,ORD-28643,,,
TKT-00463,"Hi, the item arrived damaged thanks Order ORD-69098. Date 18/09/2026.",delivery,KB-DEL-02,app,high,US,mobile_app,2026-03-06,,ORD-69098,,18/09/2026,
TKT-00464,"Hi, where is my order it should be here already can you check?",delivery,KB-DEL-01,chat,medium,GB,mobile_app,2026-05-15,,,,,
TKT-00465,"hello team, my delivery contains a different item can you check? Order ORD-30958.",delivery,KB-DEL-02,chat,high,SG,credit_card,2026-08-11,,ORD-30958,,,
TKT-00466,need help - the amount on my bill looks incorrect!!!,billing,KB-BILL-02,app,low,GB,account_portal,2026-08-19,,,,,
TKT-00467,"Hi, the item arrived damaged thanks Order ORD-69098. Date 18/09/2026.",delivery,KB-DEL-02,app,high,US,mobile_app,2026-03-06,,ORD-69098,,18/09/2026,
TKT-00468,"please help, how can I change my mailing address asap Also, the refund amount is lower than expected.",account,KB-ACCT-01,email,low,GB,credit_card,2026-08-31,,,,,refund
TKT-00469,"Hi, I want to manage my account settings thanks",account,KB-ACCT-02,app,high,IN,account_portal,2026-06-19,,,,,
TKT-00470,"hello team, the dashboard keeps timing out this is frustrating",technical,KB-TECH-02,app,low,US,credit_card,2026-08-22,,,,,
TKT-00471,urgent: the dashboard keeps timing out thanks,technical,KB-TECH-02,chat,medium,GB,shopping,2026-06-13,,,,,
TKT-00472,"Hi, why was I charged an extra service fee asap Amount $49.99.",billing,KB-BILL-02,email,medium,GB,shopping,2026-01-06,$49.99,,,,
TKT-00473,"hello team, the merchant says refunded but I cannot see it asap Amount ₹499.",refund,KB-REF-01,email,low,SG,account_portal,2026-01-18,₹499,,,,
